ZIP,FIPS
90001,06037
90002,06037
90003,06037
90004,06037
90005,06037
90006,06037
90007,06037
90008,06037
90009,06037
90010,06037
90011,06037
90012,06037
90013,06037
90014,06037
90015,06037
90016,06037
90017,06037
90018,06037
90019,06037
90020,06037
90021,06037
90022,06037
90023,06037
90024,06037
90025,06037
90026,06037
90027,06037
90028,06037
90029,06037
90030,06037
90031,06037
90032,06037
90033,06037
90034,06037
90035,06037
90036,06037
90037,06037
90038,06037
90039,06037
90040,06037
90041,06037
90042,06037
90043,06037
90044,06037
90045,06037
90046,06037
90047,06037
90048,06037
90049,06037
90050,06037
90051,06037
90052,06037
90053,06037
90054,06037
90055,06037
90056,06037
90057,06037
90058,06037
90059,06037
90060,06037
90061,06037
90062,06037
90063,06037
90064,06037
90065,06037
90066,06037
90067,06037
90068,06037
90069,06037
90070,06037
90071,06037
90072,06037
90073,06037
90074,06037
90075,06037
90076,06037
90077,06037
90078,06037
90079,06037
90080,06037
90081,06037
90082,06037
90083,06037
90084,06037
90086,06037
90087,06037
90088,06037
90089,06037
90091,06037
90093,06037
90094,06037
90095,06037
90096,06037
90099,06037
90134,06037
90189,06037
90201,06037
90202,06037
90209,06037
90210,06037
90211,06037
90212,06037
90213,06037
90220,06037
90221,06037
90222,06037
90223,06037
90224,06037
90230,06037
90231,06037
90232,06037
90239,06037
90240,06037
90241,06037
90242,06037
90245,06037
90247,06037
90248,06037
90249,06037
90250,06037
90251,06037
90254,06037
90255,06037
90260,06037
90261,06037
90262,06037
90263,06037
90264,06037
90265,06037
90266,06037
90267,06037
90270,06037
90272,06037
90274,06037
90275,06037
90277,06037
90278,06037
90280,06037
90290,06037
90291,06037
90292,06037
90293,06037
90294,06037
90295,06037
90296,06037
90301,06037
90302,06037
90303,06037
90304,06037
90305,06037
90306,06037
90307,06037
90308,06037
90309,06037
90310,06037
90311,06037
90312,06037
90401,06037
90402,06037
90403,06037
90404,06037
90405,06037
90406,06037
90407,06037
90408,06037
90409,06037
90410,06037
90411,06037
90501,06037
90502,06037
90503,06037
90504,06037
90505,06037
90506,06037
90507,06037
90508,06037
90509,06037
90510,06037
90601,06037
90602,06037
90603,06037
90604,06037
90605,06037
90606,06037
90607,06037
90608,06037
90609,06037
90610,06037
90620,06059
90621,06059
90622,06059
90623,06059
90624,06059
90630,06059
90631,06059
90632,06059
90633,06059
90637,06037
90638,06037
90639,06037
90640,06037
90650,06037
90651,06037
90652,06037
90660,06037
90661,06037
90662,06037
90670,06037
90671,06037
90680,06059
90701,06037
90702,06037
90703,06037
90704,06037
90706,06037
90707,06037
90710,06037
90711,06037
90712,06037
90713,06037
90714,06037
90715,06037
90716,06037
90717,06037
90720,06059
90721,06059
90723,06037
90731,06037
90732,06037
90733,06037
90734,06037
90740,06059
90742,06059
90743,06059
90744,06037
90745,06037
90746,06037
90747,06037
90748,06037
90749,06037
90755,06037
90801,06037
90802,06037
90803,06037
90804,06037
90805,06037
90806,06037
90807,06037
90808,06037
90809,06037
90810,06037
90813,06037
90814,06037
90815,06037
90822,06037
90831,06037
90832,06037
90833,06037
90840,06037
90842,06037
90844,06037
90846,06037
90847,06037
90848,06037
90853,06037
90895,06037
91001,06037
91003,06037
91006,06037
91007,06037
91008,06037
91009,06037
91010,06037
91011,06037
91012,06037
91016,06037
91017,06037
91020,06037
91021,06037
91023,06037
91024,06037
91025,06037
91030,06037
91031,06037
91040,06037
91041,06037
91042,06037
91043,06037
91046,06037
91066,06037
91077,06037
91101,06037
91102,06037
91103,06037
91104,06037
91105,06037
91106,06037
91107,06037
91108,06037
91109,06037
91110,06037
91114,06037
91115,06037
91116,06037
91117,06037
91118,06037
91121,06037
91123,06037
91124,06037
91125,06037
91126,06037
91129,06037
91182,06037
91184,06037
91185,06037
91188,06037
91189,06037
91199,06037
91201,06037
91202,06037
91203,06037
91204,06037
91205,06037
91206,06037
91207,06037
91208,06037
91209,06037
91210,06037
91214,06037
91221,06037
91222,06037
91224,06037
91225,06037
91226,06037
91301,06037
91302,06037
91303,06037
91304,06037
91305,06037
91306,06037
91307,06037
91308,06037
91309,06037
91310,06037
91311,06037
91313,06037
91316,06037
91319,06111
91320,06111
91321,06037
91322,06037
91324,06037
91325,06037
91326,06037
91327,06037
91328,06037
91329,06037
91330,06037
91331,06037
91333,06037
91334,06037
91335,06037
91337,06037
91340,06037
91341,06037
91342,06037
91343,06037
91344,06037
91345,06037
91346,06037
91350,06037
91351,06037
91352,06037
91353,06037
91354,06037
91355,06037
91356,06037
91357,06037
91358,06111
91359,06111
91360,06111
91361,06111
91362,06111
91364,06037
91365,06037
91367,06037
91371,06037
91372,06037
91376,06037
91377,06111
91380,06037
91381,06037
91382,06037
91383,06037
91384,06037
91385,06037
91386,06037
91387,06037
91390,06037
91392,06037
91393,06037
91394,06037
91395,06037
91396,06037
91401,06037
91402,06037
91403,06037
91404,06037
91405,06037
91406,06037
91407,06037
91408,06037
91409,06037
91410,06037
91411,06037
91412,06037
91413,06037
91416,06037
91423,06037
91426,06037
91436,06037
91470,06037
91482,06037
91495,06037
91496,06037
91499,06037
91501,06037
91502,06037
91503,06037
91504,06037
91505,06037
91506,06037
91507,06037
91508,06037
91510,06037
91521,06037
91522,06037
91523,06037
91526,06037
91601,06037
91602,06037
91603,06037
91604,06037
91605,06037
91606,06037
91607,06037
91608,06037
91609,06037
91610,06037
91611,06037
91612,06037
91614,06037
91615,06037
91616,06037
91617,06037
91618,06037
91701,06071
91702,06037
91706,06037
91708,06071
91709,06071
91710,06071
91711,06037
91714,06037
91715,06037
91716,06037
91722,06037
91723,06037
91724,06037
91729,06071
91730,06071
91731,06037
91732,06037
91733,06037
91734,06037
91735,06037
91737,06071
91739,06071
91740,06037
91741,06037
91743,06071
91744,06037
91745,06037
91746,06037
91747,06037
91748,06037
91749,06037
91750,06037
91752,06065
91754,06037
91755,06037
91756,06037
91758,06071
91759,06037
91761,06071
91762,06071
91763,06071
91764,06071
91765,06037
91766,06037
91767,06037
91768,06037
91769,06037
91770,06037
91771,06037
91772,06037
91773,06037
91775,06037
91776,06037
91778,06037
91780,06037
91784,06071
91785,06071
91786,06071
91788,06037
91789,06037
91790,06037
91791,06037
91792,06037
91793,06037
91801,06037
91802,06037
91803,06037
91804,06037
91896,06037
91899,06037
91901,06073
91902,06073
91903,06073
91905,06073
91906,06073
91908,06073
91909,06073
91910,06073
91911,06073
91912,06073
91913,06073
91914,06073
91915,06073
91916,06073
91917,06073
91921,06073
91931,06073
91932,06073
91933,06073
91934,06073
91935,06073
91941,06073
91942,06073
91943,06073
91944,06073
91945,06073
91946,06073
91948,06073
91950,06073
91951,06073
91962,06073
91963,06073
91976,06073
91977,06073
91978,06073
91979,06073
91980,06073
91987,06073
92003,06073
92004,06073
92007,06073
92008,06073
92009,06073
92010,06073
92011,06073
92013,06073
92014,06073
92018,06073
92019,06073
92020,06073
92021,06073
92022,06073
92023,06073
92024,06073
92025,06073
92026,06073
92027,06073
92028,06073
92029,06073
92030,06073
92033,06073
92036,06073
92037,06073
92038,06073
92039,06073
92040,06073
92046,06073
92049,06073
92051,06073
92052,06073
92054,06073
92055,06073
92056,06073
92057,06073
92058,06073
92059,06073
92060,06073
92061,06073
92064,06073
92065,06073
92066,06073
92067,06073
92068,06073
92069,06073
92070,06073
92071,06073
92072,06073
92074,06073
92075,06073
92078,06073
92079,06073
92081,06073
92082,06073
92083,06073
92084,06073
92085,06073
92086,06073
92088,06073
92091,06073
92092,06073
92093,06073
92096,06073
92101,06073
92102,06073
92103,06073
92104,06073
92105,06073
92106,06073
92107,06073
92108,06073
92109,06073
92110,06073
92111,06073
92112,06073
92113,06073
92114,06073
92115,06073
92116,06073
92117,06073
92118,06073
92119,06073
92120,06073
92121,06073
92122,06073
92123,06073
92124,06073
92126,06073
92127,06073
92128,06073
92129,06073
92130,06073
92131,06073
92132,06073
92134,06073
92135,06073
92136,06073
92137,06073
92138,06073
92139,06073
92140,06073
92142,06073
92143,06073
92145,06073
92147,06073
92149,06073
92150,06073
92152,06073
92153,06073
92154,06073
92155,06073
92158,06073
92159,06073
92160,06073
92161,06073
92163,06073
92165,06073
92166,06073
92167,06073
92168,06073
92169,06073
92170,06073
92171,06073
92172,06073
92173,06073
92174,06073
92175,06073
92176,06073
92177,06073
92178,06073
92179,06073
92182,06073
92186,06073
92187,06073
92191,06073
92192,06073
92193,06073
92195,06073
92196,06073
92197,06073
92198,06073
92199,06073
92201,06065
92202,06065
92203,06065
92210,06065
92211,06065
92220,06065
92222,06025
92223,06065
92225,06065
92226,06065
92227,06025
92230,06065
92231,06025
92232,06025
92233,06025
92234,06065
92235,06065
92236,06065
92239,06065
92240,06065
92241,06065
92242,06071
92243,06025
92244,06025
92247,06065
92248,06065
92249,06025
92250,06025
92251,06025
92252,06071
92253,06065
92254,06065
92255,06065
92256,06071
92257,06025
92258,06065
92259,06025
92260,06065
92261,06065
92262,06065
92263,06065
92264,06065
92266,06025
92267,06071
92268,06071
92270,06065
92273,06025
92274,06065
92275,06025
92276,06065
92277,06071
92278,06071
92280,06071
92281,06025
92282,06065
92283,06025
92284,06071
92285,06071
92286,06071
92301,06071
92304,06071
92305,06071
92307,06071
92308,06071
92309,06071
92310,06071
92311,06071
92312,06071
92313,06071
92314,06071
92315,06071
92316,06071
92317,06071
92318,06071
92320,06065
92321,06071
92322,06071
92323,06071
92324,06071
92325,06071
92327,06071
92328,06027
92329,06071
92331,06071
92332,06071
92333,06071
92334,06071
92335,06071
92336,06071
92337,06071
92338,06071
92339,06071
92340,06071
92341,06071
92342,06071
92344,06071
92345,06071
92346,06071
92347,06071
92350,06071
92352,06071
92354,06071
92356,06071
92357,06071
92358,06071
92359,06071
92363,06071
92364,06071
92365,06071
92366,06071
92368,06071
92369,06071
92371,06071
92372,06071
92373,06071
92374,06071
92375,06071
92376,06071
92377,06071
92378,06071
92382,06071
92384,06027
92385,06071
92386,06071
92389,06027
92391,06071
92392,06071
92393,06071
92394,06071
92395,06071
92397,06071
92398,06071
92399,06071
92401,06071
92402,06071
92403,06071
92404,06071
92405,06071
92406,06071
92407,06071
92408,06071
92410,06071
92411,06071
92413,06071
92415,06071
92418,06071
92423,06071
92427,06071
92501,06065
92502,06065
92503,06065
92504,06065
92505,06065
92506,06065
92507,06065
92508,06065
92509,06065
92513,06065
92514,06065
92516,06065
92517,06065
92518,06065
92519,06065
92521,06065
92522,06065
92530,06065
92531,06065
92532,06065
92536,06065
92539,06065
92543,06065
92544,06065
92545,06065
92546,06065
92548,06065
92549,06065
92551,06065
92552,06065
92553,06065
92554,06065
92555,06065
92556,06065
92557,06065
92561,06065
92562,06065
92563,06065
92564,06065
92567,06065
92570,06065
92571,06065
92572,06065
92581,06065
92582,06065
92583,06065
92584,06065
92585,06065
92586,06065
92587,06065
92589,06065
92590,06065
92591,06065
92592,06065
92593,06065
92595,06065
92596,06065
92599,06065
92602,06059
92603,06059
92604,06059
92605,06059
92606,06059
92607,06059
92609,06059
92610,06059
92612,06059
92614,06059
92615,06059
92616,06059
92617,06059
92618,06059
92619,06059
92620,06059
92623,06059
92624,06059
92625,06059
92626,06059
92627,06059
92628,06059
92629,06059
92630,06059
92637,06059
92646,06059
92647,06059
92648,06059
92649,06059
92650,06059
92651,06059
92652,06059
92653,06059
92654,06059
92655,06059
92656,06059
92657,06059
92658,06059
92659,06059
92660,06059
92661,06059
92662,06059
92663,06059
92672,06059
92673,06059
92674,06059
92675,06059
92676,06059
92677,06059
92678,06059
92679,06059
92683,06059
92684,06059
92685,06059
92688,06059
92690,06059
92691,06059
92692,06059
92693,06059
92694,06059
92697,06059
92698,06059
92701,06059
92702,06059
92703,06059
92704,06059
92705,06059
92706,06059
92707,06059
92708,06059
92711,06059
92712,06059
92728,06059
92735,06059
92780,06059
92781,06059
92782,06059
92799,06059
92801,06059
92802,06059
92803,06059
92804,06059
92805,06059
92806,06059
92807,06059
92808,06059
92809,06059
92811,06059
92812,06059
92814,06059
92815,06059
92816,06059
92817,06059
92821,06059
92822,06059
92823,06059
92825,06059
92831,06059
92832,06059
92833,06059
92834,06059
92835,06059
92836,06059
92837,06059
92838,06059
92840,06059
92841,06059
92842,06059
92843,06059
92844,06059
92845,06059
92846,06059
92850,06059
92856,06059
92857,06059
92859,06059
92860,06065
92861,06059
92862,06059
92863,06059
92864,06059
92865,06059
92866,06059
92867,06059
92868,06059
92869,06059
92870,06059
92871,06059
92877,06065
92878,06065
92879,06065
92880,06065
92881,06065
92882,06065
92883,06065
92885,06059
92886,06059
92887,06059
92899,06059
93001,06111
93002,06111
93003,06111
93004,06111
93005,06111
93006,06111
93007,06111
93009,06111
93010,06111
93011,06111
93012,06111
93013,06083
93014,06083
93015,06111
93016,06111
93020,06111
93021,06111
93022,06111
93023,06111
93024,06111
93030,06111
93031,06111
93032,06111
93033,06111
93034,06111
93035,06111
93036,06111
93040,06111
93041,06111
93042,06111
93043,06111
93044,06111
93060,06111
93061,06111
93062,06111
93063,06111
93064,06111
93065,06111
93066,06111
93067,06083
93094,06111
93099,06111
93101,06083
93102,06083
93103,06083
93105,06083
93106,06083
93107,06083
93108,06083
93109,06083
93110,06083
93111,06083
93116,06083
93117,06083
93118,06083
93120,06083
93121,06083
93130,06083
93140,06083
93150,06083
93160,06083
93190,06083
93199,06083
93201,06107
93202,06031
93203,06029
93204,06031
93205,06029
93206,06029
93207,06107
93208,06107
93210,06019
93212,06031
93215,06029
93216,06029
93218,06107
93219,06107
93220,06029
93221,06107
93222,06029
93223,06107
93224,06029
93225,06029
93226,06029
93227,06107
93230,06031
93232,06031
93234,06019
93235,06107
93237,06107
93238,06029
93239,06031
93240,06029
93241,06029
93242,06019
93243,06029
93244,06107
93245,06031
93246,06031
93247,06107
93249,06029
93250,06029
93251,06029
93252,06029
93254,06083
93255,06029
93256,06107
93257,06107
93258,06107
93260,06107
93261,06107
93262,06107
93263,06029
93265,06107
93266,06031
93267,06107
93268,06029
93270,06107
93271,06107
93272,06107
93274,06107
93275,06107
93276,06029
93277,06107
93278,06107
93279,06107
93280,06029
93282,06107
93283,06029
93285,06029
93286,06107
93287,06029
93290,06107
93291,06107
93292,06107
93301,06029
93302,06029
93303,06029
93304,06029
93305,06029
93306,06029
93307,06029
93308,06029
93309,06029
93311,06029
93312,06029
93313,06029
93314,06029
93380,06029
93383,06029
93384,06029
93385,06029
93386,06029
93387,06029
93388,06029
93389,06029
93390,06029
93401,06079
93402,06079
93403,06079
93405,06079
93406,06079
93407,06079
93408,06079
93409,06079
93410,06079
93412,06079
93420,06079
93421,06079
93422,06079
93423,06079
93424,06079
93426,06053
93427,06083
93428,06079
93429,06083
93430,06079
93432,06079
93433,06079
93434,06083
93435,06079
93436,06083
93437,06083
93438,06083
93440,06083
93441,06083
93442,06079
93443,06079
93444,06079
93445,06079
93446,06079
93447,06079
93448,06079
93449,06079
93450,06053
93451,06079
93452,06079
93453,06079
93454,06083
93455,06083
93456,06083
93457,06083
93458,06083
93460,06083
93461,06079
93463,06083
93464,06083
93465,06079
93475,06079
93483,06079
93501,06029
93502,06029
93504,06029
93505,06029
93510,06037
93512,06051
93513,06027
93514,06027
93515,06027
93516,06029
93517,06051
93518,06029
93519,06029
93522,06027
93523,06029
93524,06029
93526,06027
93527,06029
93528,06029
93529,06051
93530,06027
93531,06029
93532,06037
93534,06037
93535,06037
93536,06037
93539,06037
93541,06051
93542,06027
93543,06037
93544,06037
93545,06027
93546,06051
93549,06027
93550,06037
93551,06037
93552,06037
93553,06037
93554,06029
93555,06029
93556,06029
93558,06029
93560,06029
93561,06029
93562,06071
93563,06037
93581,06029
93584,06037
93586,06037
93590,06037
93591,06037
93592,06071
93596,06029
93599,06037
93601,06039
93602,06019
93603,06107
93604,06039
93605,06019
93606,06019
93607,06019
93608,06019
93609,06019
93610,06039
93611,06019
93612,06019
93613,06019
93614,06039
93615,06107
93616,06019
93618,06107
93619,06019
93620,06047
93621,06019
93622,06019
93623,06043
93624,06019
93625,06019
93626,06019
93627,06019
93628,06019
93630,06019
93631,06019
93633,06107
93634,06019
93635,06047
93636,06039
93637,06039
93638,06039
93639,06039
93640,06019
93641,06019
93642,06019
93643,06039
93644,06039
93645,06039
93646,06019
93647,06107
93648,06019
93649,06019
93650,06019
93651,06019
93652,06019
93653,06039
93654,06019
93656,06019
93657,06019
93660,06019
93661,06047
93662,06019
93664,06019
93665,06047
93666,06107
93667,06019
93668,06019
93669,06039
93670,06107
93673,06107
93675,06019
93701,06019
93702,06019
93703,06019
93704,06019
93705,06019
93706,06019
93707,06019
93708,06019
93709,06019
93710,06019
93711,06019
93712,06019
93714,06019
93715,06019
93716,06019
93717,06019
93718,06019
93720,06019
93721,06019
93722,06019
93723,06019
93724,06019
93725,06019
93726,06019
93727,06019
93728,06019
93729,06019
93730,06019
93737,06019
93740,06019
93741,06019
93744,06019
93745,06019
93747,06019
93750,06019
93755,06019
93760,06019
93761,06019
93764,06019
93765,06019
93771,06019
93772,06019
93773,06019
93774,06019
93775,06019
93776,06019
93777,06019
93778,06019
93779,06019
93786,06019
93790,06019
93791,06019
93792,06019
93793,06019
93794,06019
93844,06019
93888,06019
93901,06053
93902,06053
93905,06053
93906,06053
93907,06053
93908,06053
93912,06053
93915,06053
93920,06053
93921,06053
93922,06053
93923,06053
93924,06053
93925,06053
93926,06053
93927,06053
93928,06053
93930,06053
93932,06053
93933,06053
93940,06053
93942,06053
93943,06053
93944,06053
93950,06053
93953,06053
93954,06053
93955,06053
93960,06053
93962,06053
94002,06081
94005,06081
94010,06081
94011,06081
94014,06081
94015,06081
94016,06081
94017,06081
94018,06081
94019,06081
94020,06081
94021,06081
94022,06085
94023,06085
94024,06085
94025,06081
94026,06081
94027,06081
94028,06081
94030,06081
94035,06085
94037,06081
94038,06081
94039,06085
94040,06085
94041,06085
94042,06085
94043,06085
94044,06081
94060,06081
94061,06081
94062,06081
94063,06081
94064,06081
94065,06081
94066,06081
94070,06081
94074,06081
94080,06081
94083,06081
94085,06085
94086,06085
94087,06085
94088,06085
94089,06085
94102,06075
94103,06075
94104,06075
94105,06075
94107,06075
94108,06075
94109,06075
94110,06075
94111,06075
94112,06075
94114,06075
94115,06075
94116,06075
94117,06075
94118,06075
94119,06075
94120,06075
94121,06075
94122,06075
94123,06075
94124,06075
94125,06075
94126,06075
94127,06075
94128,06081
94129,06075
94130,06075
94131,06075
94132,06075
94133,06075
94134,06075
94137,06075
94139,06075
94140,06075
94141,06075
94142,06075
94143,06075
94144,06075
94145,06075
94146,06075
94147,06075
94151,06075
94158,06075
94159,06075
94160,06075
94161,06075
94163,06075
94164,06075
94172,06075
94177,06075
94188,06075
94203,06067
94204,06067
94205,06067
94206,06067
94207,06067
94208,06067
94209,06067
94211,06067
94229,06067
94230,06067
94232,06067
94234,06067
94235,06067
94236,06067
94237,06067
94239,06067
94240,06067
94244,06067
94245,06067
94247,06067
94248,06067
94249,06067
94250,06067
94252,06067
94254,06067
94256,06067
94257,06067
94258,06067
94259,06067
94261,06067
94262,06067
94263,06067
94267,06067
94268,06067
94269,06067
94271,06067
94273,06067
94274,06067
94277,06067
94278,06067
94279,06067
94280,06067
94282,06067
94283,06067
94284,06067
94285,06067
94287,06067
94288,06067
94289,06067
94290,06067
94291,06067
94293,06067
94294,06067
94295,06067
94296,06067
94297,06067
94298,06067
94299,06067
94301,06085
94302,06085
94303,06085
94304,06085
94305,06085
94306,06085
94309,06085
94401,06081
94402,06081
94403,06081
94404,06081
94497,06081
94501,06001
94502,06001
94503,06055
94505,06013
94506,06013
94507,06013
94508,06055
94509,06013
94510,06095
94511,06013
94512,06095
94513,06013
94514,06013
94515,06055
94516,06013
94517,06013
94518,06013
94519,06013
94520,06013
94521,06013
94522,06013
94523,06013
94524,06013
94525,06013
94526,06013
94527,06013
94528,06013
94529,06013
94530,06013
94531,06013
94533,06095
94534,06095
94535,06095
94536,06001
94537,06001
94538,06001
94539,06001
94540,06001
94541,06001
94542,06001
94543,06001
94544,06001
94545,06001
94546,06001
94547,06013
94548,06013
94549,06013
94550,06001
94551,06001
94552,06001
94553,06013
94555,06001
94556,06013
94557,06001
94558,06055
94559,06055
94560,06001
94561,06013
94562,06055
94563,06013
94564,06013
94565,06013
94566,06001
94567,06055
94568,06001
94569,06013
94570,06013
94571,06095
94572,06013
94573,06055
94574,06055
94575,06013
94576,06055
94577,06001
94578,06001
94579,06001
94580,06001
94581,06055
94582,06013
94583,06013
94585,06095
94586,06001
94587,06001
94588,06001
94589,06095
94590,06095
94591,06095
94592,06095
94595,06013
94596,06013
94597,06013
94598,06013
94599,06055
94601,06001
94602,06001
94603,06001
94604,06001
94605,06001
94606,06001
94607,06001
94608,06001
94609,06001
94610,06001
94611,06001
94612,06001
94613,06001
94614,06001
94615,06001
94617,06001
94618,06001
94619,06001
94620,06001
94621,06001
94622,06001
94623,06001
94624,06001
94649,06001
94659,06001
94660,06001
94661,06001
94662,06001
94666,06001
94701,06001
94702,06001
94703,06001
94704,06001
94705,06001
94706,06001
94707,06001
94708,06001
94709,06001
94710,06001
94712,06001
94720,06001
94801,06013
94802,06013
94803,06013
94804,06013
94805,06013
94806,06013
94807,06013
94808,06013
94820,06013
94850,06013
94901,06041
94903,06041
94904,06041
94912,06041
94913,06041
94914,06041
94915,06041
94920,06041
94922,06097
94923,06097
94924,06041
94925,06041
94926,06097
94927,06097
94928,06097
94929,06041
94930,06041
94931,06097
94933,06041
94937,06041
94938,06041
94939,06041
94940,06041
94941,06041
94942,06041
94945,06041
94946,06041
94947,06041
94948,06041
94949,06041
94950,06041
94951,06097
94952,06097
94953,06097
94954,06097
94955,06097
94956,06041
94957,06041
94960,06041
94963,06041
94964,06041
94965,06041
94966,06041
94970,06041
94971,06041
94972,06097
94973,06041
94974,06041
94975,06097
94976,06041
94977,06041
94978,06041
94979,06041
94998,06041
94999,06097
95001,06087
95002,06085
95003,06087
95004,06053
95005,06087
95006,06087
95007,06087
95008,06085
95009,06085
95010,06087
95011,06085
95012,06053
95013,06085
95014,06085
95015,06085
95017,06087
95018,06087
95019,06087
95020,06085
95021,06085
95023,06069
95024,06069
95026,06085
95030,06085
95031,06085
95032,06085
95033,06087
95035,06085
95036,06085
95037,06085
95038,06085
95039,06053
95041,06087
95042,06085
95043,06069
95044,06085
95045,06069
95046,06085
95050,06085
95051,06085
95052,06085
95053,06085
95054,06085
95055,06085
95056,06085
95060,06087
95061,06087
95062,06087
95063,06087
95064,06087
95065,06087
95066,06087
95067,06087
95070,06085
95071,06085
95073,06087
95075,06069
95076,06087
95077,06087
95101,06085
95103,06085
95106,06085
95108,06085
95109,06085
95110,06085
95111,06085
95112,06085
95113,06085
95115,06085
95116,06085
95117,06085
95118,06085
95119,06085
95120,06085
95121,06085
95122,06085
95123,06085
95124,06085
95125,06085
95126,06085
95127,06085
95128,06085
95129,06085
95130,06085
95131,06085
95132,06085
95133,06085
95134,06085
95135,06085
95136,06085
95138,06085
95139,06085
95140,06085
95141,06085
95148,06085
95150,06085
95151,06085
95152,06085
95153,06085
95154,06085
95155,06085
95156,06085
95157,06085
95158,06085
95159,06085
95160,06085
95161,06085
95164,06085
95170,06085
95172,06085
95173,06085
95190,06085
95191,06085
95192,06085
95193,06085
95194,06085
95196,06085
95201,06077
95202,06077
95203,06077
95204,06077
95205,06077
95206,06077
95207,06077
95208,06077
95209,06077
95210,06077
95211,06077
95212,06077
95213,06077
95214,06077
95215,06077
95219,06077
95220,06077
95221,06009
95222,06009
95223,06009
95224,06009
95225,06009
95226,06009
95227,06077
95228,06009
95229,06009
95230,06099
95231,06077
95232,06009
95233,06009
95234,06077
95236,06077
95237,06077
95240,06077
95241,06077
95242,06077
95245,06009
95246,06009
95247,06009
95248,06009
95249,06009
95251,06009
95252,06009
95253,06077
95254,06009
95255,06009
95257,06009
95258,06077
95267,06077
95269,06077
95296,06077
95297,06077
95301,06047
95303,06047
95304,06077
95305,06109
95306,06043
95307,06099
95309,06109
95310,06109
95311,06043
95312,06047
95313,06099
95315,06047
95316,06099
95317,06047
95318,06043
95319,06099
95320,06077
95321,06109
95322,06047
95323,06099
95324,06047
95325,06043
95326,06099
95327,06109
95328,06099
95329,06109
95330,06077
95333,06047
95334,06047
95335,06109
95336,06077
95337,06077
95338,06043
95340,06047
95341,06047
95343,06047
95344,06047
95345,06043
95346,06109
95347,06109
95348,06047
95350,06099
95351,06099
95352,06099
95353,06099
95354,06099
95355,06099
95356,06099
95357,06099
95358,06099
95360,06099
95361,06099
95363,06099
95364,06109
95365,06047
95366,06077
95367,06099
95368,06099
95369,06047
95370,06109
95372,06109
95373,06109
95374,06047
95375,06109
95376,06077
95377,06077
95378,06077
95379,06109
95380,06099
95381,06099
95382,06099
95383,06109
95385,06099
95386,06099
95387,06099
95388,06047
95389,06043
95391,06077
95397,06099
95401,06097
95402,06097
95403,06097
95404,06097
95405,06097
95406,06097
95407,06097
95409,06097
95410,06045
95412,06097
95415,06045
95416,06097
95417,06045
95418,06045
95419,06097
95420,06045
95421,06097
95422,06033
95423,06033
95424,06033
95425,06097
95426,06033
95427,06045
95428,06045
95429,06045
95430,06097
95431,06097
95432,06045
95433,06097
95435,06033
95436,06097
95437,06045
95439,06097
95441,06097
95442,06097
95443,06033
95444,06097
95445,06045
95446,06097
95448,06097
95449,06045
95450,06097
95451,06033
95452,06097
95453,06033
95454,06045
95456,06045
95457,06033
95458,06033
95459,06045
95460,06045
95461,06033
95462,06097
95463,06045
95464,06033
95465,06097
95466,06045
95467,06033
95468,06045
95469,06045
95470,06045
95471,06097
95472,06097
95473,06097
95476,06097
95480,06097
95481,06045
95482,06045
95485,06033
95486,06097
95487,06097
95488,06045
95490,06045
95492,06097
95493,06033
95494,06045
95497,06097
95501,06023
95502,06023
95503,06023
95511,06023
95514,06023
95518,06023
95519,06023
95521,06023
95524,06023
95525,06023
95526,06023
95527,06105
95528,06023
95531,06015
95532,06015
95534,06023
95536,06023
95537,06023
95538,06015
95540,06023
95542,06023
95543,06015
95545,06023
95546,06023
95547,06023
95548,06015
95549,06023
95550,06023
95551,06023
95552,06105
95553,06023
95554,06023
95555,06023
95556,06023
95558,06023
95559,06023
95560,06023
95562,06023
95563,06105
95564,06023
95565,06023
95567,06015
95568,06093
95569,06023
95570,06023
95571,06023
95573,06023
95585,06045
95587,06045
95589,06023
95595,06105
95601,06005
95602,06061
95603,06061
95604,06061
95605,06113
95606,06113
95607,06113
95608,06067
95609,06067
95610,06067
95611,06067
95612,06113
95613,06017
95614,06017
95615,06067
95616,06113
95617,06113
95618,06113
95619,06017
95620,06095
95621,06067
95623,06017
95624,06067
95625,06095
95626,06067
95627,06113
95628,06067
95629,06005
95630,06067
95631,06061
95632,06067
95633,06017
95634,06017
95635,06017
95636,06017
95637,06113
95638,06067
95639,06067
95640,06005
95641,06067
95642,06005
95644,06005
95645,06101
95646,06003
95648,06061
95650,06061
95651,06017
95652,06067
95653,06113
95654,06005
95655,06067
95656,06017
95658,06061
95659,06101
95660,06067
95661,06061
95662,06067
95663,06061
95664,06017
95665,06005
95666,06005
95667,06017
95668,06101
95669,06005
95670,06067
95671,06067
95672,06017
95673,06067
95674,06101
95675,06005
95676,06101
95677,06061
95678,06061
95679,06113
95680,06067
95681,06061
95682,06017
95683,06067
95684,06017
95685,06005
95686,06077
95687,06095
95688,06095
95689,06005
95690,06067
95691,06113
95692,06115
95693,06067
95694,06113
95695,06113
95696,06095
95697,06113
95698,06113
95699,06005
95701,06061
95703,06061
95709,06017
95712,06057
95713,06061
95714,06061
95715,06061
95717,06061
95720,06017
95721,06017
95722,06061
95724,06057
95726,06017
95728,06057
95735,06017
95736,06061
95741,06067
95742,06067
95746,06061
95747,06061
95757,06067
95758,06067
95759,06067
95762,06017
95763,06067
95765,06061
95776,06113
95798,06113
95799,06113
95811,06067
95812,06067
95813,06067
95814,06067
95815,06067
95816,06067
95817,06067
95818,06067
95819,06067
95820,06067
95821,06067
95822,06067
95823,06067
95824,06067
95825,06067
95826,06067
95827,06067
95828,06067
95829,06067
95830,06067
95831,06067
95832,06067
95833,06067
95834,06067
95835,06067
95836,06067
95837,06067
95838,06067
95840,06067
95841,06067
95842,06067
95843,06067
95851,06067
95852,06067
95853,06067
95860,06067
95864,06067
95865,06067
95866,06067
95867,06067
95894,06067
95899,06067
95901,06115
95903,06115
95910,06091
95912,06011
95913,06021
95914,06007
95915,06063
95916,06007
95917,06007
95918,06115
95919,06115
95920,06021
95922,06115
95923,06063
95924,06057
95925,06007
95926,06007
95927,06007
95928,06007
95929,06007
95930,06007
95932,06011
95934,06063
95935,06115
95936,06091
95937,06113
95938,06007
95939,06021
95940,06007
95941,06007
95942,06007
95943,06021
95944,06091
95945,06057
95946,06057
95947,06063
95948,06007
95949,06057
95950,06011
95951,06021
95953,06101
95954,06007
95955,06011
95956,06063
95957,06101
95958,06007
95959,06057
95960,06057
95961,06115
95962,06115
95963,06021
95965,06007
95966,06007
95967,06007
95968,06007
95969,06007
95970,06021
95971,06063
95972,06115
95973,06007
95974,06007
95975,06057
95976,06007
95977,06057
95978,06007
95979,06011
95980,06063
95981,06115
95982,06101
95983,06063
95984,06063
95986,06057
95987,06011
95988,06021
95991,06101
95992,06101
95993,06101
96001,06089
96002,06089
96003,06089
96006,06049
96007,06089
96008,06089
96009,06035
96010,06105
96011,06089
96013,06089
96014,06093
96015,06049
96016,06089
96017,06089
96019,06089
96020,06063
96021,06103
96022,06103
96023,06093
96024,06105
96025,06093
96027,06093
96028,06089
96029,06103
96031,06093
96032,06093
96033,06089
96034,06093
96035,06103
96037,06093
96038,06093
96039,06093
96040,06089
96041,06105
96044,06093
96046,06105
96047,06089
96048,06105
96049,06089
96050,06093
96051,06089
96052,06105
96054,06049
96055,06103
96056,06035
96057,06093
96058,06093
96059,06103
96061,06103
96062,06089
96063,06103
96064,06093
96065,06089
96067,06093
96068,06035
96069,06089
96070,06089
96071,06089
96073,06089
96074,06103
96075,06103
96076,06105
96078,06103
96079,06089
96080,06103
96084,06089
96085,06093
96086,06093
96087,06089
96088,06089
96089,06089
96090,06103
96091,06105
96092,06103
96093,06105
96094,06093
96095,06089
96096,06089
96097,06093
96099,06089
96101,06049
96103,06063
96104,06049
96105,06063
96106,06063
96107,06051
96108,06049
96109,06035
96110,06049
96111,06057
96112,06049
96113,06035
96114,06035
96115,06049
96116,06049
96117,06035
96118,06091
96119,06035
96120,06003
96121,06035
96122,06063
96123,06035
96124,06091
96125,06091
96126,06091
96127,06035
96128,06035
96129,06063
96130,06035
96132,06035
96133,06051
96134,06049
96135,06063
96136,06035
96137,06063
96140,06061
96141,06061
96142,06017
96143,06061
96145,06061
96146,06061
96148,06061
96150,06017
96151,06017
96152,06017
96154,06017
96155,06017
96156,06017
96157,06017
96158,06017
96160,06057
96161,06057
96162,06057
